index,prediction,probability,true_label,truncated
0fdbdac63953120b626c7fdf192756f23e95571a,NonBugFix,0.999851,NonBugFix,False
0fb7d36f4dbda94889528823cd2130a12e4664ca,NonBugFix,0.999806,NonBugFix,False
172ae58a8b89e71b5100f6435139b303edd4dd5e,NonBugFix,0.999857,NonBugFix,False
17f13f466f11f3b7990691a64764d2ad8f9f25a6,NonBugFix,0.999855,NonBugFix,False
17ac53d63e0e0c4326d628f798207f4e2bf513a2,NonBugFix,0.999852,NonBugFix,False
25d2a7a5c305b232a2d8fec3fa82f9e237fc4580,NonBugFix,0.999846,NonBugFix,False
30fec17901216753cfd6af1c8142592fce2644f1,NonBugFix,0.999863,NonBugFix,False
30b9871ceef52cd43b830c058a3a3d34c36eb742,NonBugFix,0.999834,NonBugFix,False
d7340a55f0c5ee903ae19bc3a733907127eb4d99,NonBugFix,0.999710,NonBugFix,False
57c3226147127fc860fa7dec9ec60ec98bb01a79,NonBugFix,0.999807,NonBugFix,False
19c9306b7d48af34a8156e3a94447c68ed4902b0,NonBugFix,0.999845,NonBugFix,False
979308570786c30291feb43b111306e5ffa8c0a1,BugFix,0.968607,NonBugFix,False
974fff51e0d0c98b667700d2c517af4d40a2adee,NonBugFix,0.999832,NonBugFix,False
975a2fc86646f4afae2b8414a8457f5f52c935b5,NonBugFix,0.993586,NonBugFix,False
1837cbfa6728f5c46c1e7e135f9f6a4ef0da6836,NonBugFix,0.999827,NonBugFix,False
1863540842c9a5bb532d8fd75de6ede6cf5068ac,NonBugFix,0.999033,NonBugFix,False
18630203c44d34b04aa1bc94ca49f7759565954e,NonBugFix,0.999822,NonBugFix,False
18aa3c4c4d9f75508771a1887bb24ab35bf404a5,NonBugFix,0.999807,NonBugFix,False
18804a91672b28cb9bf7a38fa1fe28d91f4ba30a,BugFix,0.999664,NonBugFix,False
161674bc2271df5dff314e6eb01e0438eaa4f874,NonBugFix,0.999853,NonBugFix,False
16615300f51ad148e2dad619aaf8bfaf398f405f,NonBugFix,0.999858,NonBugFix,False
16a3d5d298bd0427e74e8f283c00a994b97b53ce,BugFix,0.993616,NonBugFix,False
167558157292c8393d2391124bfb9613f026c441,NonBugFix,0.999862,NonBugFix,False
712bfd41d426c767a5a413ecc24911e93bcf0b54,BugFix,0.999704,NonBugFix,False
1afd130b5095319c897ade679614d2d48e222d2d,NonBugFix,0.999858,NonBugFix,False
9ae33afc8aff8a8cdbc02ba1f4a7a4643c33854b,BugFix,0.999682,NonBugFix,False
e973a3f440164cefd4d4fa2499f11a108eb974a8,NonBugFix,0.999843,NonBugFix,False
08f67c8a7ddcd85b3ee72805cc3b9d64374fe21d,NonBugFix,0.999796,NonBugFix,False
08c6bf3dbeff840ac94fb8a305325b86164b6443,NonBugFix,0.999862,NonBugFix,False
085a4f448083c21061a849ccb3ced97591f8f909,NonBugFix,0.999833,NonBugFix,False
f36ed6ec9caf15cc7cf7fe8ec8d631ee34748d97,NonBugFix,0.995893,NonBugFix,False
01167cb136c84a02fb92b9a7e3f09473ba571967,NonBugFix,0.999827,NonBugFix,False
01ae902eff20b85715f6f4e7616531c4c5f81efc,NonBugFix,0.999763,NonBugFix,False
01f3fe6dfd39e9a8fd83bb191840d50bc4c91648,NonBugFix,0.999435,NonBugFix,False
011fc0f25352a67fd6e9dc2e688d814bb1517bd3,NonBugFix,0.999861,NonBugFix,False
01147d49b04d26c395d5b3e381110b49f8f6b3c9,NonBugFix,0.999837,NonBugFix,False
01f9ae36706a30a030be58986987c6dbdf8c74a4,NonBugFix,0.999861,NonBugFix,False
01eb8eefb36665c1736ac830beaf98d70aea8714,NonBugFix,0.998429,NonBugFix,False
01f796f71eb78891b51a08c4ce82311a3696c7e7,NonBugFix,0.999860,NonBugFix,False
01f784a733007f24fe7e4d162d985b1a4d460af8,NonBugFix,0.999863,NonBugFix,False
013466705504851f809adbbe8856164fa2182a61,NonBugFix,0.999827,NonBugFix,False
af8337d4a1d0d35911c3cd1a8d4be58bf518fa03,NonBugFix,0.995238,NonBugFix,False
bdc1aebb04e58d44a537d52573e63a4c63a6e1b0,NonBugFix,0.999859,NonBugFix,False
bd72d4bc5941f538c3f789fb9a3d54a43043800b,BugFix,0.910010,NonBugFix,False
1c3640ffb9b8a1727d41625a6a80588f27f680ff,NonBugFix,0.999797,NonBugFix,False
fc13c0ebcb184a5fde3ae0eb17fe97e91555c107,NonBugFix,0.999112,NonBugFix,False
046d83791f21ef0541ebde18e45ef91520115085,NonBugFix,0.999860,NonBugFix,False
042fb11e5359e481f6e091340c2c736357d1c897,NonBugFix,0.999837,NonBugFix,False
041f119b138ad8cf52b3fc7877041257b397d0ba,NonBugFix,0.999860,NonBugFix,False
043ffcce092f3bbb9efa86b647bcd49b74961772,NonBugFix,0.999854,NonBugFix,False
04cc49768b7689530228a56798174a93d0ad23b6,NonBugFix,0.999841,NonBugFix,False
042093223c9672f51383ae413881efc272efaa8e,NonBugFix,0.999716,NonBugFix,False
047aa496231b62db778d98cc2fdb9dfda17ccbb4,NonBugFix,0.999817,NonBugFix,False
047ae71dc380f9fcc1b8572815aa0dcb047a1351,NonBugFix,0.999853,NonBugFix,False
04107b960d1a5fc4ffbb45e5719d939f37989a03,NonBugFix,0.999827,NonBugFix,False
04a82acd36e3c8334aae378aee5a23bfc934250a,NonBugFix,0.999859,NonBugFix,False
1125a8b760810f682a3c929534e3d235a27e1245,NonBugFix,0.999850,NonBugFix,False
119ed05e5985c2497e0715ace271d44425e87340,NonBugFix,0.999854,NonBugFix,False
1118a4f4b4f309121190cb15e24aa36263210747,BugFix,0.970205,NonBugFix,False
1199ce41b094def9b90edb56afcf8761d2294521,NonBugFix,0.991378,NonBugFix,False
1162e1f0a083a71a7d3166144d88e3d3f6d8f67a,NonBugFix,0.999861,NonBugFix,False
36f079e4e39e550bb599a459eb44e5d58a87c9f1,NonBugFix,0.999858,NonBugFix,False
09165c24071c1c7659f6eb2fb6780abc0e79d4ef,NonBugFix,0.999856,NonBugFix,False
09e082e6c36809f8d653d3a73b80e1fdf0ef6955,NonBugFix,0.999831,NonBugFix,False
09da66e0030e1c51750fc2f0c37a750013257ea3,NonBugFix,0.999843,NonBugFix,False
00713ca48870d90b4a2d7a45212b22b6e14fd0b4,NonBugFix,0.999840,NonBugFix,False
00f3c09f44c99c631b7c6ed4b137e67154735973,NonBugFix,0.999853,NonBugFix,False
004c1747f62c4085fdf55348c5f6f5cdcddc9c1e,NonBugFix,0.999854,NonBugFix,False
00279d8a06bd1f52e9b8e70896585bd16d88e430,NonBugFix,0.999840,NonBugFix,False
0060df80155401c1bf34a0f6f791c193f7825ca1,NonBugFix,0.999859,NonBugFix,False
0037eefde06cbd16352cafe2c756abdb81bc726e,NonBugFix,0.999839,NonBugFix,False
004677c4fe512e89b111a88556e2aadf3e5995ad,NonBugFix,0.999844,NonBugFix,False
0052ded0a918227cb9f62ec892a95082925a6481,NonBugFix,0.999856,NonBugFix,False
002d6db966601ce46f688fe8c6ac59f29185f6b5,NonBugFix,0.999853,NonBugFix,False
009264f02318358ffde6fb93e9957ba4b4c7c4ec,NonBugFix,0.999856,NonBugFix,False
6ff6c50bd27bb33076fb3196f4b409507a33a1d1,BugFix,0.930071,NonBugFix,False
1f4bab64533366f4312621f6cbcfe3b8f95b3820,NonBugFix,0.999860,NonBugFix,False
03b49f7d7d3ea9ec80dd938af634b21026a99c92,NonBugFix,0.996337,NonBugFix,False
032a1abe48bd2b92645876f986a70724196c93f9,BugFix,0.999686,NonBugFix,False
0337bfa178691354397bea8939e5782344de6a95,BugFix,0.999626,NonBugFix,False
0395e37d2cde8732ca09b6f53e4313e88f3b3c22,NonBugFix,0.999859,NonBugFix,False
035262f297613c75d394b8f0dcbd4f41390975eb,NonBugFix,0.999859,NonBugFix,False
81b48ac826176b9899d0d34f672390d29bf657a9,BugFix,0.999705,NonBugFix,False
2eb1339249cc3cdeb734e8d93b34659fe9920d34,BugFix,0.997570,NonBugFix,False
2e78d7a8386a8d1be415432855ccfc80227204f1,NonBugFix,0.999858,NonBugFix,False
610525940ab53c8fe0f9567c8a2c3f0be6d0adad,NonBugFix,0.999830,NonBugFix,False
0b6eda1b1bb12d29e0394bd5f012e438b5cf40d3,NonBugFix,0.999853,NonBugFix,False
0b9a53206817781d7aac002ab14b8c29b5bdde14,NonBugFix,0.999775,NonBugFix,False
0b7ceda19867381e76d0bd755b9acd6bef426935,NonBugFix,0.999845,NonBugFix,False
0b9bd2f4704b6d1708ec5f224d65403513de6061,NonBugFix,0.999861,NonBugFix,False
0b00e39b2692f34e1d9c2f00e96a801892e53f14,NonBugFix,0.999723,NonBugFix,False
0b81151c7e8041127974c7d40f8f781359b597ce,NonBugFix,0.999818,NonBugFix,False
0b561e911cb9959f9b7cff165d4c05dd1ba5cbae,NonBugFix,0.999861,NonBugFix,False
0b074872ea922709b8d280e9062a6856d9eb9024,NonBugFix,0.999791,NonBugFix,False
0b0c7711803709aa338468856924ca6037e7c033,BugFix,0.991506,NonBugFix,False
53ce240d76add2e2fe5417fdafafd4337ea3b0ec,NonBugFix,0.999855,NonBugFix,False
894b56a6ffe67825ef7d8e2282ae5752c27f59f7,NonBugFix,0.999797,NonBugFix,False
12dbb04e9afdc58834a2f91aca871725f296d045,BugFix,0.982089,NonBugFix,False
12cc2558a25d2b0954e39ede0df1c50dbb59d60c,NonBugFix,0.999861,NonBugFix,False
12f2fe0d728932d61cf35d75ffeeac1e4080f571,NonBugFix,0.999734,NonBugFix,False
12b6c1d60b382ebd4e7827f81a8f717f3bdeefe7,NonBugFix,0.999855,NonBugFix,False
d527586ee7ac5646068ffb885198814e877d8fca,BugFix,0.999701,NonBugFix,False
d5e82f8b9e7966fccad8ed6f4750d8509509607c,NonBugFix,0.990617,NonBugFix,False
0217bf5ce24fa1475d08fa74f72c0c8c7e2bd22c,NonBugFix,0.999857,NonBugFix,False
02e5bee3b39eb4defca56ca46c290c435eba4563,NonBugFix,0.999811,NonBugFix,False
02fa34fb3f5d1e84f6163429c7a88e1c1425cba2,NonBugFix,0.999848,NonBugFix,False
02bb402c4df4f1fa0a951d4a9e9ad2b671794afc,NonBugFix,0.999830,NonBugFix,False
02912b2be77ab4fce58efbcc96784f36d69a0898,NonBugFix,0.999841,NonBugFix,False
021f6a9734f494dd31cd0655f43ca6369a98f106,NonBugFix,0.999862,NonBugFix,False
02e3559664f87e65f5e96edbab567077e5fc527f,NonBugFix,0.999855,NonBugFix,False
0213579de43a5eadbbce234dfcff65d6f8c4b466,NonBugFix,0.999850,NonBugFix,False
0245026e393d0f95d8f8534a753f68c4ffe5d80f,NonBugFix,0.955908,NonBugFix,False
020cc2cd70052831032ec8b2f286b8caa8ffc1fc,NonBugFix,0.999504,NonBugFix,False
02aa47b917e05279e5acc5802a084a718a3ab196,NonBugFix,0.999827,NonBugFix,False
0284274e2805d9cf01aa52fe4219fa61801e041c,NonBugFix,0.999854,NonBugFix,False
0285cb83db40e5d5c6742b1d2e5f1b6052fa4285,NonBugFix,0.999860,NonBugFix,False
022d689a494348ab0893fbe4df8608288e41f4ff,NonBugFix,0.999812,NonBugFix,False
33af4ecb42695868a3717e9fb09a7611b730d886,NonBugFix,0.999836,NonBugFix,False
33b6d722e59dab58a64c282232f857abaf26e20d,NonBugFix,0.999825,NonBugFix,False
620d9580c9e401168996b17ea00e2dc77e43e245,BugFix,0.999607,NonBugFix,False
1581668d79e71fe5ba1fb50154033eef52583158,NonBugFix,0.999858,NonBugFix,False
15e017d2855eb2f7e7519d6ae5a190c0c5b974c6,NonBugFix,0.999858,NonBugFix,False
156088e42804d47b5924e62c633acc77a6812f8b,NonBugFix,0.999830,NonBugFix,False
8691a0a009fe39872c756c8aeb06887a584dc18b,NonBugFix,0.999860,NonBugFix,False
3aa59f87d2d4ba141c81f0d892fc041a25ef649d,NonBugFix,0.898316,NonBugFix,False
14180d6f839760ce071fb49d07f21dfaaa612795,NonBugFix,0.939415,NonBugFix,False
144062347c01d72e4792b1b8aee1f687eb793a4a,NonBugFix,0.999681,NonBugFix,False
35630db0de0609a3799d91891deea9301d0dad4c,NonBugFix,0.999843,NonBugFix,False
356b4f09c54bf9a7a33bff8b598902238335cce2,NonBugFix,0.999860,NonBugFix,False
13c545f1fb61b1dbdffab0ec35acead09b556356,NonBugFix,0.999837,NonBugFix,False
13dbb5687464c8311de3be3e092d86d8bfb650c3,NonBugFix,0.999452,NonBugFix,True
13635e746222e5d7a438ce2727efc8488011bedf,NonBugFix,0.999844,NonBugFix,False
2a9361439752ceb0daa852aa86e9b8c078096147,NonBugFix,0.999827,NonBugFix,False
d34194b3987d2d527e78369744cfa46a0ecaea96,BugFix,0.990721,NonBugFix,False
45d764a58d4b11c0cbdeb10fa442a18680e492ff,NonBugFix,0.999855,NonBugFix,False
45b9d8abaaf4d5c89aad716ed20d947975ac199c,NonBugFix,0.999853,NonBugFix,False
e048f91c71798d10c8709f19687faed01895d8ca,NonBugFix,0.999837,NonBugFix,False
831cd1666015ed07bd218995e8ab9b760739a380,NonBugFix,0.999694,NonBugFix,False
07fe116be5959b6b296c52af56b2c78f0c788d7b,NonBugFix,0.999858,NonBugFix,False
07c7bf190317709b2e4df486241e192d06e11785,NonBugFix,0.999818,NonBugFix,False
0739c2a6af1b994f948a4b3d80ca618cc6f6e886,BugFix,0.997541,NonBugFix,False
071ca908b6e5049351dfbd6242d800e53463cce6,BugFix,0.998943,NonBugFix,False
072a8519ab9484e753ad07b9eccbec56af23033d,NonBugFix,0.999861,NonBugFix,False
07cbaebd9d79670f32918a4d43cfb612f4b08fcd,NonBugFix,0.999862,NonBugFix,False
07474efb5d95a0869da5aaa079fc5534c4d2125b,NonBugFix,0.999841,NonBugFix,False
0785265c7cd25170cff59c5d2bf916ab64519998,NonBugFix,0.999861,NonBugFix,False
0cae1486c1c11ef3e5ee06e3a4a72785f73e3726,NonBugFix,0.999439,NonBugFix,False
0c360f2086d331731b4cb8912f4bf9c9f2cd99da,NonBugFix,0.999846,NonBugFix,False
0c8ba3352292e2a5cdd0c7b11615bf2248021afb,NonBugFix,0.960940,NonBugFix,False
0c2a43ca2922cbda6916a97cee4bef8cfbfc67c2,BugFix,0.999690,NonBugFix,False
0c60bcd4b8c2ca38555f9e7a3fd57cd7e9c0258a,NonBugFix,0.999857,NonBugFix,False
0c28ea2ef98432bae85581da1951e49e76646375,NonBugFix,0.999850,NonBugFix,False
0c29955c6b3d30e8f1eac0a472cdf2f7b1a7f1c5,NonBugFix,0.999842,NonBugFix,False
224cdcad4a96887097e1db236bda9da85c0e1fa3,NonBugFix,0.999859,NonBugFix,False
22537c01364b867d0ba335e6024242752a9bda47,BugFix,0.999715,NonBugFix,False
65bdedafa827a17eccc33f497d166810fbd162f2,NonBugFix,0.999837,NonBugFix,False
654256c47a45764f5356c71b9fd00ae8ae8a897f,BugFix,0.996564,NonBugFix,False
063d5192a1312fa5cdf8d436f3e8bd0f35cfaf67,NonBugFix,0.999858,NonBugFix,False
066e38ce09791d815301c3057725da41c92c1b95,NonBugFix,0.999774,NonBugFix,False
06e31b3c428949a1ec618283749b4171655d4647,NonBugFix,0.999855,NonBugFix,False
0637157beba6173066a1b3b4a18d6abfda3425b8,NonBugFix,0.999856,NonBugFix,False
06aab3082a6b787b1f86466e894a30ec926daedf,NonBugFix,0.999860,NonBugFix,False
20b717e77a954af17bf8d28a2313a83fc0053eaf,NonBugFix,0.999857,NonBugFix,False
20054717a055d7ced4e5daa66151b7cf0ab6a0df,NonBugFix,0.999835,NonBugFix,False
0e6eca5d06f99d3cefd278eb4e7ca705b499b663,BugFix,0.999715,NonBugFix,False
0e00ea7ac0e8517265555b719c5c5dfbc9ea5fe2,NonBugFix,0.999849,NonBugFix,False
0e552449d23bfcdee4ba2fe292b6f3c8e1f97d43,NonBugFix,0.999756,NonBugFix,False
0e46b3d56609b96d2f8a0208b59c0724c71bf7c0,BugFix,0.999693,NonBugFix,False
0e63a07b7165dd75b03687ce80b377f5b79d8bbe,NonBugFix,0.988162,NonBugFix,False
0e3810e540fa514f302c4bd0cef25fec82ab7f5a,NonBugFix,0.999649,NonBugFix,False
0e7088c295109661ea1995649f54a23a9d35deee,NonBugFix,0.999780,NonBugFix,False
d9817d2f734d4a5b87393a18cd7b23c205a940f0,NonBugFix,0.999860,NonBugFix,False
4f7acd829eb4b330ae263404dd56c8fb27b85993,NonBugFix,0.999839,NonBugFix,False
b11a797379b358448e499e5ae9529f953765d23f,NonBugFix,0.999665,NonBugFix,False
26b5aa7506408e52e025193a8e72a98b1d8b4b0a,NonBugFix,0.999850,NonBugFix,False
2670b6afcd7b97daedc5b4f4ce7ed362fea3238c,NonBugFix,0.999838,NonBugFix,False
d0f665773075206460532ba54158979deb4f56ec,NonBugFix,0.998816,NonBugFix,False
286fdfc901f650d5657225f57a9ff221569e9a26,NonBugFix,0.999852,NonBugFix,False
282ee5c6d1349881c3d218b81f16e86ac74223e6,NonBugFix,0.999853,NonBugFix,False
28672dc2b4419582cd4a6dfc9b2dfd06f3f12c92,NonBugFix,0.999779,NonBugFix,False
109ef9b4c0515442cfc979271b3709e43748edad,BugFix,0.999691,NonBugFix,False
10a3fecf90444de506dadafdf91088e4b6b2e05a,NonBugFix,0.999856,NonBugFix,False
10ed027555fd5ca0cb8ddda3853c399c7809bd8a,NonBugFix,0.999854,NonBugFix,False
697f4185757b4b5aecd054d9514504c4c32714f4,NonBugFix,0.997916,NonBugFix,False
b7c3895a7b3a1dd7489c9f084e4d9e7366152747,BugFix,0.999686,NonBugFix,False
6a707e2887bb385a49d6ddd5d1991f95ff4675e4,BugFix,0.999711,NonBugFix,False
2c1bf84c95e7eb0bac171a99e126cc50510cbbbf,NonBugFix,0.999844,NonBugFix,False
2bea3358c00627cd091c1ed37423c30b2dd6e948,NonBugFix,0.999856,NonBugFix,False
29e8a92d6b2a54212113cb7e69957cec660eeac2,NonBugFix,0.995729,NonBugFix,False
38d0fd593b5b4050cad8d7539ae98cd519206934,NonBugFix,0.999858,NonBugFix,False
1b4a1c02a5d6f4c202b62c9c283f7b3fe35028ef,NonBugFix,0.999852,NonBugFix,False
1e85846418479ec9626aa71f196a3ff619f42bb5,NonBugFix,0.999856,NonBugFix,False
0ac97e8c38a85b10557f246c4c1fc90ebcbb1d5f,NonBugFix,0.999853,NonBugFix,False
0a3031f31c66335d78a3a75ad6a0974c467b2737,NonBugFix,0.999862,NonBugFix,False
0abdc4acec39581e799d7699ebb8fb0819a8aff8,NonBugFix,0.999856,NonBugFix,False
0a8db05d02d31fadc2f51e6b573565a14fdab74b,NonBugFix,0.999859,NonBugFix,False
0a380242596738bf8eabebe4dfdb8eb7a371bde1,NonBugFix,0.999858,NonBugFix,False
52c7b57392633d4c01d10b99585230d2b048caad,NonBugFix,0.999849,NonBugFix,False
e163397cdf515d653060758d8c8ae593e0ce9104,NonBugFix,0.999846,NonBugFix,False
a0149aba501833dafe57cd35962bb6802fb87fda,BugFix,0.999709,NonBugFix,False
8541d7ca595449570852428edbe647aa00f0d435,BugFix,0.999690,NonBugFix,False
756771aa990c5b6284595036de231398ee4819ca,NonBugFix,0.999789,NonBugFix,False
2da2027c6ab38bb971eab2192124e94a3bbf0470,NonBugFix,0.999856,NonBugFix,False
2d6b26acd42bf67fbf6c3c249ce1d818e393b45a,BugFix,0.982229,NonBugFix,False
245c721d45a886bb18a9bb5b635d7c2bad38aaf4,NonBugFix,0.999818,NonBugFix,False
2406f2d31ebebcdaca4b3dd9c302b9b9688c6e0c,NonBugFix,0.999476,NonBugFix,False
0565b7717b5147c81c9cbebd4b1e0f3671270ab8,NonBugFix,0.999855,NonBugFix,False
00611261c9eff0eb3280217ed570dbe03d8c59e4,NonBugFix,0.865462,NonBugFix,False
00233f0d1ff32ec8b3ad24cbc6b1f944e8f79452,NonBugFix,0.999838,NonBugFix,False
0041ac6cdbc68df00b0a31cb8b0b468fdebcbb61,NonBugFix,0.999758,NonBugFix,False
005d0aa94511f1afa309ab6a4a0da55b676c39fc,BugFix,0.994079,NonBugFix,False
0052b061aad267fe526ea0707cbb6295e1f6b003,NonBugFix,0.999848,NonBugFix,False
003744e9e1b4d4ac88f43e46e0d08275de2f7832,NonBugFix,0.977177,NonBugFix,False
00140d193197d6d4e371d5f6bfd410c89702ca5a,NonBugFix,0.999737,NonBugFix,False
004205015d5f4dcad9d095ed20251b1f96ae53af,NonBugFix,0.999742,NonBugFix,False
277c981e1edaaaf699a290735702dad9541ecb66,NonBugFix,0.999850,NonBugFix,False
04828d18b995d7f033f60e6f98ff2f792ffcfe9c,NonBugFix,0.999852,NonBugFix,False
0f23737f1dac76e65b9206886a84630d3da0c7cb,BugFix,0.993760,BugFix,False
cda48814e7257587a5787e7a6757c210d4017eab,BugFix,0.997099,BugFix,False
9f328a239ecfd36d8775b341c83580ff2ea03304,BugFix,0.999710,BugFix,False
3d5148e389c4eb92cc5cc00219793f4c6cf85cde,BugFix,0.999687,BugFix,False
9e35e4b7df146e3f1610380af59ea4cb3672540f,NonBugFix,0.999194,BugFix,False
3047f7603e62edd5a2b2b6953b04a3f55e09e415,BugFix,0.999707,BugFix,False
9761e82ec735d15f0b47045da41f9028c3402a9b,NonBugFix,0.998951,BugFix,False
16ad5bee0ba80d5f7db40efcb2c0ec175bc14faf,BugFix,0.999689,BugFix,False
1683a2df95c72beefb9feac0559c10324c1ef413,BugFix,0.999706,BugFix,False
b37897f3865693853af848ade4d461fb3d7719cd,BugFix,0.974517,BugFix,False
08176c617db0daf4130b748d65524d91c4a28d2f,BugFix,0.999718,BugFix,False
081a1f7fde6de73f590513bfbd6ca8dada1edd95,NonBugFix,0.999364,BugFix,False
080c39ef2e609414880a1550cffad3fad9cb2870,NonBugFix,0.912214,BugFix,False
08f11248c48e189b0bfb9f067af627de2557e4d3,BugFix,0.996087,BugFix,False
c1928b018e4e0e05bacdd34fc23514bc1ca6e8c9,BugFix,0.999642,BugFix,False
4c374be5a7e1a2cc94b2bdb4c7d4b0cfce6ddf8a,BugFix,0.999696,BugFix,False
017bb2c234973a44942b9ae657d4c6f3f3f40601,NonBugFix,0.999826,BugFix,False
01117d79ddd65d18766965971717bfbbf84b2b2f,NonBugFix,0.999863,BugFix,False
01ab6fef7b8bd8546bddc5c3c189d47e22e7b23d,NonBugFix,0.999171,BugFix,False
39445d4e3cb1e680b6ec3c3615e697307fcc18d9,BugFix,0.999715,BugFix,False
b9ca4ca2816dc7451c7e47f65ab3772d67f268a4,BugFix,0.999689,BugFix,False
04204899b10dfb32ab9cbea4d4da26075e6236da,NonBugFix,0.999860,BugFix,False
097ec88425ae7daaeb807ba34099fe167a0a704b,BugFix,0.999711,BugFix,False
0933e421f5f504eb098e42f05e8cda288d67a80b,BugFix,0.999699,BugFix,False
09f75f469a83c7b4a3a5134d8b25f82d9f87724d,BugFix,0.999680,BugFix,False
2733f15ef93092e86f65ed551fa408cd42a93084,BugFix,0.999695,BugFix,False
b266b4eebbef51f48a87da6c8206463e0ae868b2,BugFix,0.999679,BugFix,False
00c43427b078b1f22d7bcdd551a7573a70d88e23,NonBugFix,0.999808,BugFix,False
0086f1babb23b84c56542fdda0ea37a5f1e5443c,BugFix,0.999689,BugFix,False
00243b50d73a14e605fa59e70cb5782ab0b721a9,BugFix,0.999277,BugFix,False
6fb09ce19cef31dfc91ca07face1b78fb8aad5f6,BugFix,0.999692,BugFix,False
4b7742ed627a2c4b8140cd73779e5af164644867,BugFix,0.999707,BugFix,False
9326c7b724ec9daf88d6e4cf0d81e01161dcdbab,BugFix,0.919292,BugFix,False
03cd303b596d27bd4b6cb4afd1029fa837a3323a,BugFix,0.999602,BugFix,False
031c955cab6b0b590ab39afe67ee30b0a12fdcc8,NonBugFix,0.999796,BugFix,False
51b2833c1c381550f753f1b15ab05e8858bd122e,BugFix,0.999717,BugFix,False
8b3bb71379ffcb2dbb5e19d532e95f65b3f23bf0,NonBugFix,0.999143,BugFix,False
8b34e461970723c63275268fa12ba9dcc8fca33a,BugFix,0.999661,BugFix,False
d8e5a49085f18cd903070a71a354e77cfeb34ff0,BugFix,0.999702,BugFix,False
21cc34b608f483fb101923b597640408815ab0f5,BugFix,0.999692,BugFix,False
d2f3fc844007b54e4caf6a896e273988b27a01b9,BugFix,0.999716,BugFix,False
5341e84c4c0c23e7a650ec3f433b564e4a3357d8,BugFix,0.999718,BugFix,False
5387e850af5c2d20605658a3dabe5e69a8bec5d1,BugFix,0.999688,BugFix,False
3f308d97a1c48423d23733b1361484f04228cdda,NonBugFix,0.990900,BugFix,False
3f451e9986646690b3f70ac53641b92cdfbf89f4,BugFix,0.999693,BugFix,False
bee9f4a3cf9b9ee3301da7ccb2e450eef102c1e9,NonBugFix,0.999824,BugFix,False
d56b7ecd5fd9fe4fd1e2efbae616cda4562a7a01,BugFix,0.999718,BugFix,False
dbe6e9fb711878d70a627d2eca9126d9d7cf0263,NonBugFix,0.985236,BugFix,False
02ce1378f5724babbd43cf2ff9e93d3fc86ea322,NonBugFix,0.999860,BugFix,False
02d40258f4540cabd1a66c6eb19c229b2ba8211b,BugFix,0.999719,BugFix,False
02be3bd366d4dcb533a98a3c047772799e6ebac4,BugFix,0.999693,BugFix,False
02f55393fece8662c74db211cdedd3eb3d28144d,NonBugFix,0.999843,BugFix,False
628cc94ed6da619e47feecd36da784fbf14d8999,BugFix,0.999684,BugFix,False
563793aff7b19062ecfc39e6a1ec26063bb93e45,BugFix,0.999611,BugFix,False
15152a6ff82471e0dfd592ea94f0aec832d60792,BugFix,0.999697,BugFix,False
15a9cf4f66b3bb6d4fbb9fd1ad49580158aadc29,NonBugFix,0.999837,BugFix,False
3a530a0c716210cf80bb833e32eb88909171b1b0,BugFix,0.999694,BugFix,False
3afb63081ce01a7a8f8c90aa2a7ad9429a23e470,BugFix,0.999558,BugFix,False
148702929b4f0d54be8fc9b52a9234d34012f3ea,BugFix,0.799138,BugFix,False
6c3d57e7a53fb0940045e38163f035fff0ff66b5,BugFix,0.999711,BugFix,False
13be54d4e7262343a004afb512a12e4610533b7a,BugFix,0.999719,BugFix,False
b0e01e749a777738d8d0df2eb315a339ee519d76,BugFix,0.999705,BugFix,False
b0836494a4b3494f5b62aa00c0f7f4dea124fc57,BugFix,0.999688,BugFix,False
4507a9778e9ebe2512cd1e922315b5d52d2fb2b8,NonBugFix,0.999807,BugFix,False
4547c7257c5a540b5395b650e52655756696a875,BugFix,0.999695,BugFix,False
a6ef5bcba753175c021e9c5e88885895090c7ec6,BugFix,0.999688,BugFix,False
f9b68f8f741c3e48520edeb597a20714c18bc165,NonBugFix,0.999698,BugFix,False
54f6b040ac8a22f3e48f33414afaa0a96ea20182,BugFix,0.999718,BugFix,False
54751ce3135544e19b950c091229c2436673face,BugFix,0.998714,BugFix,False
42f74303f4a11e785b50c0790355b327883d4195,NonBugFix,0.998804,BugFix,False
0c7bf6ae13068ec059231c7f7214ddb3b1d2d2c4,BugFix,0.999689,BugFix,False
0c09090eb2ced65b7082d045c7c05f315b31f37c,BugFix,0.999704,BugFix,False
55c2333c17bc9eb06e64c8f446269accfd6200a9,BugFix,0.999685,BugFix,False
22c5bd77c43e796a86aceeff3450c3583718cd7c,BugFix,0.999691,BugFix,False
4864397df52454a24a41029b7b9339c70b0a8caa,BugFix,0.908710,BugFix,False
660629cfe839280444409e7a62c52e63004766e0,BugFix,0.999687,BugFix,False
3171a62f0d16641ea329f72197acce76c7c71841,BugFix,0.999688,BugFix,False
3154568a8996d0ebe3de25df163db61e85515905,BugFix,0.995153,BugFix,False
947c742d04edf30b295e34a77676eee2c609dbeb,BugFix,0.999713,BugFix,False
062953110a99962972b3793846b2588a1a1a2ef7,NonBugFix,0.999830,BugFix,False
41700e72f46281f56934400265e8ce583604c53f,BugFix,0.999657,BugFix,False
0e43b65049ef98fbc4b959b88854bc17733d0cb2,BugFix,0.999714,BugFix,False
0e98c7e8e7d92d64d9aa2214db1d3c48cfb2c398,BugFix,0.999637,BugFix,False
7a6ec41d8bc104e8bf2bb2f2950a3a8d567b0447,NonBugFix,0.923026,BugFix,False
7afc78579e7ce77a4b1c6000cd199462ba0dd279,NonBugFix,0.999816,BugFix,False
4a9267ee77abd1e0938543031628c74d236acf0a,BugFix,0.999674,BugFix,False
260be7807abad2302323213bf0289fbd09525adf,BugFix,0.998708,BugFix,False
26e19be4a499eef06d5ef5450a3ffa6a1441c67c,BugFix,0.999689,BugFix,False
bfd7e64d9fdbe902d74cc96d4577b6d5cfaf60a0,BugFix,0.999715,BugFix,False
5fd65be3cf7bbbade37b51b9a0e1e84b8f55cf58,BugFix,0.999603,BugFix,False
633e5ad362943a6eb043fa68da2963929466b796,NonBugFix,0.894201,BugFix,False
10139f1c2e9c473bbf2412b34ee76d6427c659a6,BugFix,0.999685,BugFix,False
10de9d02e4ee08b2dc07e0035b0ab9bf7f43781a,BugFix,0.999698,BugFix,False
5d4b069c85dc28642f22a01650482f8c1ddcfd06,BugFix,0.999685,BugFix,False
5db1b4d46aa1ad050331e60c7ac731295b053063,BugFix,0.999673,BugFix,False
5b54b543792fd6e0a30c1c213063b4aef3f14ea3,BugFix,0.999641,BugFix,False
b79a49fc57b65ac63f2b3d02b60734d984da6634,BugFix,0.999705,BugFix,False
b748c8980cbb6575c673625b4cf4a3f7f139662b,BugFix,0.999694,BugFix,False
6a2b9c31b1c8484471b8e140a92ec81de1fce40f,BugFix,0.999709,BugFix,False
2cc1b018fef08f73cb64e4b4be07bfc5a921c08e,BugFix,0.999709,BugFix,False
2b56e090ba91c74315e3f00123b6094e225dde73,BugFix,0.999723,BugFix,False
29a894231a9eea1198ba97b1c46650792a202911,BugFix,0.999713,BugFix,False
38431cd0773b1967d5fe5892652a585d6b9c0eb0,BugFix,0.999681,BugFix,False
1bfe47835fac48b76e96fc920db38fcda5cedffc,BugFix,0.999698,BugFix,False
1b54f1fb166ab532be0975a84ffd56193068813e,BugFix,0.999682,BugFix,False
0a3798bb3de6625f23b324c6bdc01505f11a35da,NonBugFix,0.999834,BugFix,False
0a5b47f497789dfb239af0966c90c845fb8f5532,BugFix,0.999703,BugFix,False
5223e92c2ed490cc72bb2cd34f33a2544a0410ff,BugFix,0.999699,BugFix,False
52c7559c5e825841e089181adbf30c5ae3d03a68,NonBugFix,0.974245,BugFix,False
e13175d8c17e8fac5e122663c81606ff7635533c,BugFix,0.999692,BugFix,False
5804d573ef6e1364e7daee37fc354a07db617a5d,BugFix,0.999689,BugFix,False
4d08291813a24342972a127fe07facc7df3c655c,BugFix,0.999723,BugFix,False
4d55378c47d50a909ec4ee4a31ad59a28ac52599,BugFix,0.999684,BugFix,False
4d526264f2d16db3ca68f52893657096982d979c,BugFix,0.999702,BugFix,False
a03b6ee36175620d1f22fd1148fe2086dd0195b3,BugFix,0.789722,BugFix,False
a086b9eebc4dbe2b4fb754c76bb268da0debad14,BugFix,0.999703,BugFix,False
858583237c77c142a2a4e49ba7b6c11f072ef503,BugFix,0.999684,BugFix,False
2d8f99afd4437036b1c1b04175f263ab3fe0963f,BugFix,0.999687,BugFix,False
24872e9cd57d8e7ce3351c97657943f826f198b4,BugFix,0.999705,BugFix,False
d66806cf5ce4950440f30e03698ab92762cc0220,NonBugFix,0.999857,BugFix,False
7643c5af0504ee90af08a2b85f68b8b28d4c7ddd,NonBugFix,0.998673,BugFix,False
0543ba408f2eecea2c425ef83735303d7898d295,BugFix,0.999702,BugFix,False
05109446550dd8cc35d222ff11201867c701c226,BugFix,0.999707,BugFix,False
05de0ed1f06bb11e09783534a712386e60f14400,NonBugFix,0.999641,BugFix,False
32e1cd63c0656e245bcae6b28ed6c013fcaed3cc,BugFix,0.999689,BugFix,False
ed42484be60a6bbae825cc88f9b6fab3d3af88fd,BugFix,0.999702,BugFix,False
0384bfe2b2e50d8bc40f58fd8e27779d68880a38,BugFix,0.999719,BugFix,False
0003fa6448cdd50a5b692625f8280559f58b0710,BugFix,0.999612,BugFix,False
008c38e61389e90b4f58305770990c0e75b3b8a9,BugFix,0.999723,BugFix,False
00521a7bdd238534f89b55f5e998fd046a68ff14,NonBugFix,0.999776,BugFix,False
00d899b6c93e1c63f097d44afa7a3d9c9295aa76,BugFix,0.999671,BugFix,False
003c08dc4880df367b4998cb1ad83c9388b6fd56,NonBugFix,0.996638,BugFix,False
04798229286ef81b16aaae21a3d425bafcc36dda,BugFix,0.999555,BugFix,False
02b671cea24e68eb0047ec6245463c8015745191,NonBugFix,0.985664,BugFix,False
02c8992faf15ba002ed774179038c3f92b139d1c,BugFix,0.999717,BugFix,False
